{
  "properties": {
    "connectionReferences": {
      "shared_googledrive": {
        "runtimeSource": "embedded",
        "connection": {
          "connectionReferenceLogicalName": "cr503_sharedgoogledrive_75e63"
        },
        "api": {
          "name": "shared_googledrive"
        }
      },
      "shared_azureblob_1": {
        "runtimeSource": "embedded",
        "connection": {
          "connectionReferenceLogicalName": "cr503_sharedazureblob_5d343"
        },
        "api": {
          "name": "shared_azureblob"
        }
      },
      "shared_onedriveforbusiness": {
        "runtimeSource": "embedded",
        "connection": {
          "connectionReferenceLogicalName": "cr503_sharedonedriveforbusiness_f363f"
        },
        "api": {
          "name": "shared_onedriveforbusiness"
        }
      }
    },
    "definition": {
      "$schema": "https://schema.management.azure.com/providers/Microsoft.Logic/schemas/2016-06-01/workflowdefinition.json#",
      "contentVersion": "1.0.0.0",
      "parameters": {
        "$connections": {
          "defaultValue": {},
          "type": "Object"
        },
        "$authentication": {
          "defaultValue": {},
          "type": "SecureObject"
        }
      },
      "triggers": {
        "manual": {
          "metadata": {
            "operationMetadataId": "3a994c22-1153-485c-82ae-d1cc972feeb1"
          },
          "type": "Request",
          "kind": "Http",
          "inputs": {
            "schema": {
              "type": "object",
              "properties": {
                "sourceFolderId": {
                  "type": "string"
                },
                "destinationFolderPath": {
                  "type": "string"
                }
              }
            }
          }
        }
      },
      "actions": {
        "List_files_in_folder": {
          "runAfter": {},
          "metadata": {
            "operationMetadataId": "1351a4ef-1364-4aa5-ab02-7bbcaaa663f9"
          },
          "type": "OpenApiConnection",
          "inputs": {
            "host": {
              "connectionName": "shared_googledrive",
              "operationId": "ListFolder",
              "apiId": "/providers/Microsoft.PowerApps/apis/shared_googledrive"
            },
            "parameters": {
              "id": "@triggerBody()?['sourceFolderId']"
            },
            "authentication": "@parameters('$authentication')"
          }
        },
        "Apply_to_each": {
          "foreach": "@body('Filter_array')",
          "actions": {
            "Compose": {
              "runAfter": {},
              "metadata": {
                "operationMetadataId": "63226cd8-df6a-47d6-b701-1f679cb09fc3"
              },
              "type": "Compose",
              "inputs": "@items('Apply_to_each')?['Name']"
            },
            "Condition": {
              "actions": {
                "Create_blob_(V2)": {
                  "runAfter": {},
                  "metadata": {
                    "operationMetadataId": "717e503c-20db-475a-bb6a-fdfd698e4c77"
                  },
                  "type": "OpenApiConnection",
                  "inputs": {
                    "host": {
                      "connectionName": "shared_azureblob_1",
                      "operationId": "CreateFile_V2",
                      "apiId": "/providers/Microsoft.PowerApps/apis/shared_azureblob"
                    },
                    "parameters": {
                      "dataset": "AccountNameFromSettings",
                      "folderPath": "@triggerBody()?['destinationFolderPath']",
                      "name": "@{replace(items('Apply_to_each')?['DisplayName'],'✨','')}/readme.txt",
                      "body": "."
                    },
                    "authentication": "@parameters('$authentication')"
                  },
                  "runtimeConfiguration": {
                    "contentTransfer": {
                      "transferMode": "Chunked"
                    }
                  }
                },
                "HTTP": {
                  "runAfter": {
                    "Create_blob_(V2)": [
                      "Succeeded"
                    ]
                  },
                  "metadata": {
                    "operationMetadataId": "37b73779-0cac-44a2-86da-b1ceeda811a1"
                  },
                  "type": "Http",
                  "inputs": {
                    "method": "POST",
                    "uri": "https://prod-13.brazilsouth.logic.azure.com:443/workflows/aaf4644b71ae434fb99c23c3e74ee032/triggers/manual/paths/invoke?api-version=2016-06-01&sp=%2Ftriggers%2Fmanual%2Frun&sv=1.0&sig=-7dMsPrLy09pLw7qeJ0CKDveWX4o_TsDzKsX3olK4zU",
                    "body": {
                      "sourceFolderId": "@{items('Apply_to_each')?['Id']}",
                      "destinationFolderPath": "@{replace(outputs('Create_blob_(V2)')?['body/Path'],'/readme.txt','')}"
                    }
                  }
                },
                "Delete_blob_(V2)": {
                  "runAfter": {
                    "HTTP": [
                      "Succeeded"
                    ]
                  },
                  "metadata": {
                    "operationMetadataId": "4e4a04fe-3ad7-46d1-a97c-57cc76a7e793"
                  },
                  "type": "OpenApiConnection",
                  "inputs": {
                    "host": {
                      "connectionName": "shared_azureblob_1",
                      "operationId": "DeleteFile_V2",
                      "apiId": "/providers/Microsoft.PowerApps/apis/shared_azureblob"
                    },
                    "parameters": {
                      "dataset": "AccountNameFromSettings",
                      "id": "@outputs('Create_blob_(V2)')?['body/Id']"
                    },
                    "authentication": "@parameters('$authentication')"
                  }
                }
              },
              "runAfter": {
                "Compose": [
                  "Succeeded"
                ]
              },
              "else": {
                "actions": {
                  "Condition_2": {
                    "actions": {
                      "Create_blob_(V2)_2": {
                        "runAfter": {},
                        "metadata": {
                          "operationMetadataId": "717e503c-20db-475a-bb6a-fdfd698e4c77"
                        },
                        "type": "OpenApiConnection",
                        "inputs": {
                          "host": {
                            "connectionName": "shared_azureblob_1",
                            "operationId": "CreateFile_V2",
                            "apiId": "/providers/Microsoft.PowerApps/apis/shared_azureblob"
                          },
                          "parameters": {
                            "dataset": "AccountNameFromSettings",
                            "folderPath": "@triggerBody()?['destinationFolderPath']",
                            "name": "@replace(replace(replace(replace(replace(replace(items('Apply_to_each')?['Name'],'_',''),'(',''),')',''),'🏳️‍🌈',''),'🏳️‍⚧️',''),'🤹','')",
                            "body": "@body('Get_file_content_using_id')"
                          },
                          "authentication": "@parameters('$authentication')"
                        },
                        "runtimeConfiguration": {
                          "contentTransfer": {
                            "transferMode": "Chunked"
                          }
                        }
                      }
                    },
                    "runAfter": {
                      "Get_file_content_using_id": [
                        "Succeeded"
                      ]
                    },
                    "else": {
                      "actions": {
                        "Convert_file": {
                          "runAfter": {
                            "Intento_2": [
                              "Skipped",
                              "Succeeded"
                            ]
                          },
                          "metadata": {
                            "operationMetadataId": "1f1bad33-135b-4576-a3d3-c3e1884ab70f"
                          },
                          "type": "OpenApiConnection",
                          "inputs": {
                            "host": {
                              "connectionName": "shared_onedriveforbusiness",
                              "operationId": "ConvertFile",
                              "apiId": "/providers/Microsoft.PowerApps/apis/shared_onedriveforbusiness"
                            },
                            "parameters": {
                              "id": "@variables('FileId')",
                              "type": "PDF"
                            },
                            "authentication": "@parameters('$authentication')"
                          }
                        },
                        "Create_blob_(V2)_3": {
                          "runAfter": {
                            "Convert_file": [
                              "Succeeded"
                            ]
                          },
                          "metadata": {
                            "operationMetadataId": "717e503c-20db-475a-bb6a-fdfd698e4c77"
                          },
                          "type": "OpenApiConnection",
                          "inputs": {
                            "host": {
                              "connectionName": "shared_azureblob_1",
                              "operationId": "CreateFile_V2",
                              "apiId": "/providers/Microsoft.PowerApps/apis/shared_azureblob"
                            },
                            "parameters": {
                              "dataset": "AccountNameFromSettings",
                              "folderPath": "@triggerBody()?['destinationFolderPath']",
                              "name": "@{replace(replace(replace(replace(replace(replace(variables('FileName'),'_',''),'(',''),')',''),'🏳️‍🌈',''),'🏳️‍⚧️',''),'🤹','')}.pdf",
                              "body": "@body('Convert_file')"
                            },
                            "authentication": "@parameters('$authentication')"
                          },
                          "runtimeConfiguration": {
                            "contentTransfer": {
                              "transferMode": "Chunked"
                            }
                          }
                        },
                        "Delete_file": {
                          "runAfter": {
                            "Create_blob_(V2)_3": [
                              "Succeeded"
                            ]
                          },
                          "metadata": {
                            "operationMetadataId": "7ae2d577-cbda-4232-8161-545d96159870"
                          },
                          "type": "OpenApiConnection",
                          "inputs": {
                            "host": {
                              "connectionName": "shared_onedriveforbusiness",
                              "operationId": "DeleteFile",
                              "apiId": "/providers/Microsoft.PowerApps/apis/shared_onedriveforbusiness"
                            },
                            "parameters": {
                              "id": "@variables('FileId')"
                            },
                            "authentication": "@parameters('$authentication')"
                          }
                        },
                        "Intento_2": {
                          "actions": {
                            "Delay_2": {
                              "runAfter": {},
                              "metadata": {
                                "operationMetadataId": "b7878a9f-188a-4280-8e56-92b6e0bf2999"
                              },
                              "type": "Wait",
                              "inputs": {
                                "interval": {
                                  "count": 1,
                                  "unit": "Minute"
                                }
                              }
                            },
                            "Reintento_Create_file_2": {
                              "runAfter": {
                                "Delay_2": [
                                  "Succeeded"
                                ]
                              },
                              "metadata": {
                                "operationMetadataId": "dc14a336-6b78-46fe-acd0-cdff9bf4e468"
                              },
                              "type": "OpenApiConnection",
                              "inputs": {
                                "host": {
                                  "connectionName": "shared_onedriveforbusiness",
                                  "operationId": "CreateFile",
                                  "apiId": "/providers/Microsoft.PowerApps/apis/shared_onedriveforbusiness"
                                },
                                "parameters": {
                                  "folderPath": "/BOTI",
                                  "name": "@item()?['Name']",
                                  "body": "@body('Get_file_content_using_id')"
                                },
                                "authentication": "@parameters('$authentication')",
                                "retryPolicy": {
                                  "type": "none"
                                }
                              },
                              "runtimeConfiguration": {
                                "contentTransfer": {
                                  "transferMode": "Chunked"
                                }
                              }
                            },
                            "Set_variable": {
                              "runAfter": {
                                "Reintento_Create_file_2": [
                                  "Succeeded"
                                ]
                              },
                              "metadata": {
                                "operationMetadataId": "0026fc04-4a62-4c66-a77c-939db8d5d77e"
                              },
                              "type": "SetVariable",
                              "inputs": {
                                "name": "FileId",
                                "value": "@outputs('Reintento_Create_file_2')?['body/Id']"
                              }
                            },
                            "Set_variable_3": {
                              "runAfter": {
                                "Set_variable": [
                                  "Succeeded"
                                ]
                              },
                              "metadata": {
                                "operationMetadataId": "511b8654-da28-43a7-af42-bfb24b8c4baf"
                              },
                              "type": "SetVariable",
                              "inputs": {
                                "name": "FileName",
                                "value": "@outputs('Reintento_Create_file_2')?['body/NameNoExt']"
                              }
                            }
                          },
                          "runAfter": {
                            "Intento_1": [
                              "Failed"
                            ]
                          },
                          "metadata": {
                            "operationMetadataId": "f4536515-68c6-4623-b5d0-272bc48a94e3"
                          },
                          "type": "Scope"
                        },
                        "Delay": {
                          "runAfter": {},
                          "metadata": {
                            "operationMetadataId": "bbc3c947-2b2f-4f0b-b051-d574258887d0"
                          },
                          "type": "Wait",
                          "inputs": {
                            "interval": {
                              "count": "@rand(2,10)",
                              "unit": "Second"
                            }
                          }
                        },
                        "Intento_1": {
                          "actions": {
                            "Create_file_Intento_1": {
                              "runAfter": {},
                              "metadata": {
                                "operationMetadataId": "dc14a336-6b78-46fe-acd0-cdff9bf4e468"
                              },
                              "type": "OpenApiConnection",
                              "inputs": {
                                "host": {
                                  "connectionName": "shared_onedriveforbusiness",
                                  "operationId": "CreateFile",
                                  "apiId": "/providers/Microsoft.PowerApps/apis/shared_onedriveforbusiness"
                                },
                                "parameters": {
                                  "folderPath": "/BOTI",
                                  "name": "@item()?['Name']",
                                  "body": "@body('Get_file_content_using_id')"
                                },
                                "authentication": "@parameters('$authentication')",
                                "retryPolicy": {
                                  "type": "none"
                                }
                              },
                              "runtimeConfiguration": {
                                "contentTransfer": {
                                  "transferMode": "Chunked"
                                }
                              }
                            },
                            "Set_variable_2": {
                              "runAfter": {
                                "Create_file_Intento_1": [
                                  "Succeeded"
                                ]
                              },
                              "metadata": {
                                "operationMetadataId": "f0e3a5d2-8f70-4a61-9260-599a0910aa94"
                              },
                              "type": "SetVariable",
                              "inputs": {
                                "name": "FileId",
                                "value": "@outputs('Create_file_Intento_1')?['body/Id']"
                              }
                            },
                            "Set_variable_4": {
                              "runAfter": {
                                "Set_variable_2": [
                                  "Succeeded"
                                ]
                              },
                              "metadata": {
                                "operationMetadataId": "656cd08b-8a38-43ec-a0f3-c6b0c9bbfbbc"
                              },
                              "type": "SetVariable",
                              "inputs": {
                                "name": "FileName",
                                "value": "@outputs('Create_file_Intento_1')?['body/NameNoExt']"
                              }
                            }
                          },
                          "runAfter": {
                            "Delay": [
                              "Succeeded"
                            ]
                          },
                          "metadata": {
                            "operationMetadataId": "ed14c11c-cffa-4e69-95d8-9d2774c6df7d"
                          },
                          "type": "Scope"
                        }
                      }
                    },
                    "expression": {
                      "endsWith": [
                        "@items('Apply_to_each')?['Name']",
                        ".pdf"
                      ]
                    },
                    "metadata": {
                      "operationMetadataId": "44b04f3f-7578-492f-ba0e-88b9603fc9cd"
                    },
                    "type": "If"
                  },
                  "Get_file_content_using_id": {
                    "runAfter": {},
                    "metadata": {
                      "operationMetadataId": "5b5094ac-7a89-424c-968c-48e64c3a705b"
                    },
                    "type": "OpenApiConnection",
                    "inputs": {
                      "host": {
                        "connectionName": "shared_googledrive",
                        "operationId": "GetFileContent",
                        "apiId": "/providers/Microsoft.PowerApps/apis/shared_googledrive"
                      },
                      "parameters": {
                        "id": "@item()?['Id']",
                        "inferContentType": true
                      },
                      "authentication": "@parameters('$authentication')"
                    }
                  }
                }
              },
              "expression": {
                "equals": [
                  "@item()?['IsFolder']",
                  "@true"
                ]
              },
              "metadata": {
                "operationMetadataId": "3cb83443-3854-4a44-a910-af0d47800ba5"
              },
              "type": "If"
            }
          },
          "runAfter": {
            "Filter_array": [
              "Succeeded"
            ]
          },
          "metadata": {
            "operationMetadataId": "d02d4898-781b-4554-9a53-d27b62d4b20b"
          },
          "type": "Foreach"
        },
        "Filter_array": {
          "runAfter": {
            "Initialize_variable_FileName": [
              "Succeeded"
            ]
          },
          "metadata": {
            "operationMetadataId": "f19404b6-7698-48d7-8ad1-4c19a17f7ddd"
          },
          "type": "Query",
          "inputs": {
            "from": "@body('List_files_in_folder')",
            "where": "@or(contains(item()?['Name'], '.docx'),equals(item()?['IsFolder'], true),contains(item()?['Name'], '.pdf'),contains(item()?['Name'], '.xslx'))"
          }
        },
        "Initialize_variable_FileId": {
          "runAfter": {
            "List_files_in_folder": [
              "Succeeded"
            ]
          },
          "metadata": {
            "operationMetadataId": "c5b7d4f1-6d51-4ddc-b5d6-1ea62a5bc164"
          },
          "type": "InitializeVariable",
          "inputs": {
            "variables": [
              {
                "name": "FileId",
                "type": "string"
              }
            ]
          }
        },
        "Initialize_variable_FileName": {
          "runAfter": {
            "Initialize_variable_FileId": [
              "Succeeded"
            ]
          },
          "metadata": {
            "operationMetadataId": "8e96dcfb-10b8-48a5-acde-75f0c50309b1"
          },
          "type": "InitializeVariable",
          "inputs": {
            "variables": [
              {
                "name": "FileName",
                "type": "string"
              }
            ]
          }
        }
      },
      "outputs": {}
    },
    "templateName": ""
  },
  "schemaVersion": "1.0.0.0"
}