{
  "properties": {
    "connectionReferences": {},
    "definition": {
      "$schema": "https://schema.management.azure.com/providers/Microsoft.Logic/schemas/2016-06-01/workflowdefinition.json#",
      "contentVersion": "1.0.0.0",
      "parameters": {
        "$authentication": {
          "defaultValue": {},
          "type": "SecureObject"
        }
      },
      "triggers": {
        "manual": {
          "metadata": {
            "operationMetadataId": "cf82d409-3a09-4880-aad4-862b4e0ed545"
          },
          "type": "Request",
          "kind": "Button",
          "inputs": {
            "schema": {
              "type": "object",
              "properties": {},
              "required": []
            }
          }
        }
      },
      "actions": {
        "HTTP": {
          "runAfter": {},
          "metadata": {
            "operationMetadataId": "ec598689-fc55-4536-8780-97a483a1078e"
          },
          "type": "Http",
          "inputs": {
            "method": "POST",
            "uri": "https://prod-13.brazilsouth.logic.azure.com:443/workflows/aaf4644b71ae434fb99c23c3e74ee032/triggers/manual/paths/invoke?api-version=2016-06-01&sp=%2Ftriggers%2Fmanual%2Frun&sv=1.0&sig=-7dMsPrLy09pLw7qeJ0CKDveWX4o_TsDzKsX3olK4zU",
            "body": {
              "sourceFolderId": "1ZGD67b3tGgUNEQ1qidZjUnxeCBH3nCYs",
              "destinationFolderPath": "documentsoriginal"
            }
          }
        }
      }
    },
    "templateName": ""
  },
  "schemaVersion": "1.0.0.0"
}