{
  "properties": {
    "connectionReferences": {
      "shared_conversionservice": {
        "runtimeSource": "embedded",
        "connection": {
          "connectionReferenceLogicalName": "cr503_sharedconversionservice_15b11"
        },
        "api": {
          "name": "shared_conversionservice"
        }
      },
      "shared_commondataserviceforapps": {
        "runtimeSource": "embedded",
        "connection": {
          "connectionReferenceLogicalName": "bds_sharedcommondataserviceforapps_3fcfb"
        },
        "api": {
          "name": "shared_commondataserviceforapps"
        }
      },
      "shared_onedriveforbusiness": {
        "runtimeSource": "embedded",
        "connection": {
          "connectionReferenceLogicalName": "cr503_sharedonedriveforbusiness_f363f"
        },
        "api": {
          "name": "shared_onedriveforbusiness"
        }
      },
      "shared_azureblob_1": {
        "runtimeSource": "embedded",
        "connection": {
          "connectionReferenceLogicalName": "cr503_sharedazureblob_5d343"
        },
        "api": {
          "name": "shared_azureblob"
        }
      }
    },
    "definition": {
      "$schema": "https://schema.management.azure.com/providers/Microsoft.Logic/schemas/2016-06-01/workflowdefinition.json#",
      "contentVersion": "1.0.0.0",
      "parameters": {
        "$connections": {
          "defaultValue": {},
          "type": "Object"
        },
        "$authentication": {
          "defaultValue": {},
          "type": "SecureObject"
        }
      },
      "triggers": {
        "manual": {
          "metadata": {
            "operationMetadataId": "0cd80aca-5786-4c03-ad2e-338761f74d64"
          },
          "type": "Request",
          "kind": "Http",
          "inputs": {
            "schema": {
              "type": "object",
              "properties": {
                "ScanId": {
                  "type": "string"
                },
                "PathToFilter": {
                  "type": "string"
                },
                "RootUrl": {
                  "type": "string"
                },
                "HostUrl": {
                  "type": "string"
                }
              }
            },
            "method": "POST"
          }
        }
      },
      "actions": {
        "Get_Page_Content": {
          "runAfter": {},
          "metadata": {
            "operationMetadataId": "67ca68b9-8c6b-40ab-982d-fbbe7abcde22"
          },
          "type": "Http",
          "inputs": {
            "method": "GET",
            "uri": "https://botimvp.azurewebsites.net/api/GetHTMLContent",
            "queries": {
              "url": "@triggerBody()?['RootUrl']",
              "code": "iyaRo0rk9ErNggW2nK5FpzWD6rzCQGxUfE6O_DA_CtgZAzFudd2ryg=="
            }
          }
        },
        "Html_to_text": {
          "runAfter": {
            "Get_Page_Content": [
              "Succeeded"
            ]
          },
          "metadata": {
            "operationMetadataId": "667affe7-bd96-40d0-a700-cc072bdb4576"
          },
          "type": "OpenApiConnection",
          "inputs": {
            "host": {
              "connectionName": "shared_conversionservice",
              "operationId": "HtmlToText",
              "apiId": "/providers/Microsoft.PowerApps/apis/shared_conversionservice"
            },
            "parameters": {
              "Content": "<p>@{body('Get_Page_Content')}</p>"
            },
            "authentication": "@parameters('$authentication')"
          }
        },
        "Extract_links": {
          "runAfter": {
            "Delete_HTML_file": [
              "Succeeded"
            ]
          },
          "metadata": {
            "operationMetadataId": "eeb1bb6c-8532-4125-8bd4-22b9c4f880e9"
          },
          "type": "Http",
          "inputs": {
            "method": "POST",
            "uri": "https://botimvp.azurewebsites.net/api/ExtractLinks",
            "queries": {
              "host": "@triggerBody()?['HostUrl']",
              "path": "@triggerBody()?['PathToFilter']",
              "code": "38QG5-p8djXrJClPC8Y6M5LHYgcb-NGOY-7Pm-opjMcnAzFutbm2xw=="
            },
            "body": "@body('Html_to_text')"
          }
        },
        "Initialize_Links_array_": {
          "runAfter": {
            "Extract_links": [
              "Succeeded"
            ]
          },
          "metadata": {
            "operationMetadataId": "b9f7a953-9f97-44a4-891f-c7dbbeb70003"
          },
          "type": "InitializeVariable",
          "inputs": {
            "variables": [
              {
                "name": "Links",
                "type": "array",
                "value": "@body('Extract_links')"
              }
            ]
          }
        },
        "Apply_to_each": {
          "foreach": "@body('Filter_array')",
          "actions": {
            "List_rows": {
              "runAfter": {},
              "metadata": {
                "operationMetadataId": "b6da4d31-1885-453c-9bd3-5a9a45a9523e"
              },
              "type": "OpenApiConnection",
              "inputs": {
                "host": {
                  "connectionName": "shared_commondataserviceforapps",
                  "operationId": "ListRecords",
                  "apiId": "/providers/Microsoft.PowerApps/apis/shared_commondataserviceforapps"
                },
                "parameters": {
                  "entityName": "cr503_webscrapinghistories",
                  "$filter": "cr503_scanid eq '@{triggerBody()?['ScanId']}' and cr503_pageurl eq '@{item()}'",
                  "$top": 1
                },
                "authentication": "@parameters('$authentication')"
              }
            },
            "Condition": {
              "actions": {
                "Add_a_new_row": {
                  "runAfter": {},
                  "metadata": {
                    "operationMetadataId": "9b73efa3-ddc9-4ff3-af52-a5618249abe3"
                  },
                  "type": "OpenApiConnection",
                  "inputs": {
                    "host": {
                      "connectionName": "shared_commondataserviceforapps",
                      "operationId": "CreateRecord",
                      "apiId": "/providers/Microsoft.PowerApps/apis/shared_commondataserviceforapps"
                    },
                    "parameters": {
                      "entityName": "cr503_webscrapinghistories",
                      "item/cr503_name": "@triggerBody()?['ScanId']",
                      "item/cr503_pageurl": "@items('Apply_to_each')",
                      "item/cr503_scanid": "@triggerBody()?['ScanId']"
                    },
                    "authentication": "@parameters('$authentication')"
                  }
                },
                "HTTP": {
                  "runAfter": {
                    "Delay": [
                      "Succeeded"
                    ]
                  },
                  "metadata": {
                    "operationMetadataId": "841480a5-220f-4275-a289-a119fea09611"
                  },
                  "type": "Http",
                  "inputs": {
                    "method": "POST",
                    "uri": "https://prod-02.brazilsouth.logic.azure.com:443/workflows/1f56941254e14684b66ceb30832028cc/triggers/manual/paths/invoke?api-version=2016-06-01&sp=%2Ftriggers%2Fmanual%2Frun&sv=1.0&sig=Bg_-QBnnWPGu3KXfZcOzJOaeJPrF77Ch4-pYGlikBQ8",
                    "body": {
                      "ScanId": "@{triggerBody()?['ScanId']}",
                      "PathToFilter": "@{triggerBody()?['PathToFilter']}",
                      "RootUrl": "@{variables('CurrentUrl')}",
                      "HostUrl": "@{triggerBody()?['HostUrl']}"
                    }
                  }
                },
                "Condition_2": {
                  "actions": {
                    "Set_variable": {
                      "runAfter": {},
                      "metadata": {
                        "operationMetadataId": "9f11a9ec-7bda-42a1-9b4b-6ad09776d99f"
                      },
                      "type": "SetVariable",
                      "inputs": {
                        "name": "CurrentUrl",
                        "value": "@{triggerBody()?['HostUrl']}@{items('Apply_to_each')}"
                      }
                    }
                  },
                  "runAfter": {
                    "Add_a_new_row": [
                      "Succeeded"
                    ]
                  },
                  "else": {
                    "actions": {
                      "Set_variable_2": {
                        "runAfter": {},
                        "metadata": {
                          "operationMetadataId": "b20e82bd-5111-4deb-8ee0-a9f498d6139d"
                        },
                        "type": "SetVariable",
                        "inputs": {
                          "name": "CurrentUrl",
                          "value": "@{items('Apply_to_each')}"
                        }
                      }
                    }
                  },
                  "expression": {
                    "startsWith": [
                      "@items('Apply_to_each')",
                      "/"
                    ]
                  },
                  "metadata": {
                    "operationMetadataId": "ad0d0a66-ec81-4e2e-9cc8-d2e20264b20d"
                  },
                  "type": "If"
                },
                "Delay": {
                  "runAfter": {
                    "Condition_2": [
                      "Succeeded"
                    ]
                  },
                  "metadata": {
                    "operationMetadataId": "460cd5cd-0ec5-4629-b865-c714022e0a14"
                  },
                  "type": "Wait",
                  "inputs": {
                    "interval": {
                      "count": 10,
                      "unit": "Second"
                    }
                  }
                }
              },
              "runAfter": {
                "List_rows": [
                  "Succeeded"
                ]
              },
              "expression": {
                "equals": [
                  "@length(outputs('List_rows')?['body/value'])",
                  0
                ]
              },
              "metadata": {
                "operationMetadataId": "7fc7188a-d405-48a2-b2da-e844013deabd"
              },
              "type": "If"
            }
          },
          "runAfter": {
            "Initialize_CurrentUrl": [
              "Succeeded"
            ]
          },
          "metadata": {
            "operationMetadataId": "7d362991-401e-4a22-9a88-f5b18e29d8b0"
          },
          "type": "Foreach"
        },
        "Filter_array": {
          "runAfter": {
            "Initialize_Links_array_": [
              "Succeeded"
            ]
          },
          "metadata": {
            "operationMetadataId": "e5b8f395-786e-4ec1-b362-c5b36d16d9a9"
          },
          "type": "Query",
          "inputs": {
            "from": "@variables('Links')",
            "where": "@contains(item(), triggerBody()?['PathToFilter'])"
          }
        },
        "Create_HTML_file": {
          "runAfter": {
            "Html_to_text": [
              "Succeeded"
            ]
          },
          "metadata": {
            "operationMetadataId": "2257bf12-2891-4bf8-afeb-9cf742e52be5"
          },
          "type": "OpenApiConnection",
          "inputs": {
            "host": {
              "connectionName": "shared_onedriveforbusiness",
              "operationId": "CreateFile",
              "apiId": "/providers/Microsoft.PowerApps/apis/shared_onedriveforbusiness"
            },
            "parameters": {
              "folderPath": "/BOTI",
              "name": "@{replace(replace(triggerBody()?['RootUrl'],'https://',''),'/','-')}.html",
              "body": "@body('Html_to_text')"
            },
            "authentication": "@parameters('$authentication')",
            "retryPolicy": {
              "type": "exponential",
              "count": 10,
              "interval": "PT30S"
            }
          },
          "runtimeConfiguration": {
            "contentTransfer": {
              "transferMode": "Chunked"
            }
          }
        },
        "Convert_file_to_PDF": {
          "runAfter": {
            "Create_HTML_file": [
              "Succeeded"
            ]
          },
          "metadata": {
            "operationMetadataId": "db96523e-c089-4ed8-85eb-430c7c99cdf0"
          },
          "type": "OpenApiConnection",
          "inputs": {
            "host": {
              "connectionName": "shared_onedriveforbusiness",
              "operationId": "ConvertFile",
              "apiId": "/providers/Microsoft.PowerApps/apis/shared_onedriveforbusiness"
            },
            "parameters": {
              "id": "@outputs('Create_HTML_file')?['body/Id']",
              "type": "PDF"
            },
            "authentication": "@parameters('$authentication')"
          }
        },
        "Create_PDF_blob": {
          "runAfter": {
            "Convert_file_to_PDF": [
              "Succeeded"
            ]
          },
          "metadata": {
            "operationMetadataId": "8822e6ec-e9ea-439a-bea7-c2a4c026a9e4"
          },
          "type": "OpenApiConnection",
          "inputs": {
            "host": {
              "connectionName": "shared_azureblob_1",
              "operationId": "CreateFile_V2",
              "apiId": "/providers/Microsoft.PowerApps/apis/shared_azureblob"
            },
            "parameters": {
              "dataset": "AccountNameFromSettings",
              "folderPath": "/donmario",
              "name": "@{replace(outputs('Create_HTML_file')?['body/NameNoExt'],'_','')}.pdf",
              "body": "@body('Convert_file_to_PDF')"
            },
            "authentication": "@parameters('$authentication')"
          },
          "runtimeConfiguration": {
            "contentTransfer": {
              "transferMode": "Chunked"
            }
          }
        },
        "Delete_HTML_file": {
          "runAfter": {
            "Create_PDF_blob": [
              "Succeeded"
            ]
          },
          "metadata": {
            "operationMetadataId": "15d71ad2-6ed4-4de9-bcc4-0ee090d3d3dd"
          },
          "type": "OpenApiConnection",
          "inputs": {
            "host": {
              "connectionName": "shared_onedriveforbusiness",
              "operationId": "DeleteFile",
              "apiId": "/providers/Microsoft.PowerApps/apis/shared_onedriveforbusiness"
            },
            "parameters": {
              "id": "@outputs('Create_HTML_file')?['body/Id']"
            },
            "authentication": "@parameters('$authentication')"
          }
        },
        "Initialize_CurrentUrl": {
          "runAfter": {
            "Filter_array": [
              "Succeeded"
            ]
          },
          "metadata": {
            "operationMetadataId": "6fe813fe-c0c7-4d6e-81a7-07819f332508"
          },
          "type": "InitializeVariable",
          "inputs": {
            "variables": [
              {
                "name": "CurrentUrl",
                "type": "string"
              }
            ]
          }
        }
      }
    },
    "templateName": ""
  },
  "schemaVersion": "1.0.0.0"
}